{"cameraMode":{"drawMode":0,"name":"Shaded","section":"Shading Mode"},"sceneLighting":true,"audioPlay":false,"sceneViewState":{"m_AlwaysRefresh":false,"showFog":true,"showSkybox":true,"showFlares":true,"showImageEffects":true,"showParticleSystems":true,"showVisualEffectGraphs":true,"m_FxEnabled":true},"in2DMode":false,"pivot":{"x":-57.94810485839844,"y":40.546546936035159,"z":-64.44867706298828},"rotation":{"x":0.40726926922798159,"y":0.05631381273269653,"z":-0.02581123448908329,"w":0.9113109707832336},"size":0.01712297461926937,"orthographic":false}