{"cameraMode":{"drawMode":0,"name":"Shaded","section":"Shading Mode"},"sceneLighting":true,"audioPlay":false,"sceneViewState":{"m_AlwaysRefresh":false,"showFog":true,"showSkybox":true,"showFlares":true,"showImageEffects":true,"showParticleSystems":true,"showVisualEffectGraphs":true,"m_FxEnabled":true},"in2DMode":false,"pivot":{"x":-45.239418029785159,"y":5.162084579467773,"z":13.265288352966309},"rotation":{"x":0.010875512845814228,"y":0.7149757742881775,"z":0.012005861848592759,"w":-0.6990975141525269},"size":0.016937386244535447,"orthographic":false}